{
	"ulid": "01FTA2ASNDYAS08X780C41MD8B",
	"minTime": 1643054825799,
	"maxTime": 1643068800000,
	"stats": {
		"numSamples": 725871,
		"numSeries": 741,
		"numChunks": 5780
	},
	"compaction": {
		"level": 2,
		"sources": [
			"01FT75FNKEMZ8QWSYJE939X5KC",
			"01FT7BYG9DNDPD7923MZ14MX0T"
		],
		"parents": [
			{
				"ulid": "01FT75FNKEMZ8QWSYJE939X5KC",
				"minTime": 1643054825799,
				"maxTime": 1643061600000
			},
			{
				"ulid": "01FT7BYG9DNDPD7923MZ14MX0T",
				"minTime": 1643061600799,
				"maxTime": 1643068800000
			}
		]
	},
	"version": 1
}